Request_ID,Latency_ms,Strategy,Node_ID
0,23.96,Random,aliyun
1,51.26,Random,tencent
2,48.72,Random,tencent
3,12.51,Random,aliyun
4,586.95,Random,baidu
5,50.88,Random,tencent
6,12.65,Random,aliyun
7,380.87,Random,baidu
8,42.33,Random,tencent
9,21.27,Random,aliyun
10,47.08,Random,tencent
11,41.36,Random,tencent
12,58.73,Random,tencent
13,18.80,Random,aliyun
14,818.43,Random,baidu
15,122.15,Random,huawei
16,19.21,Random,aliyun
17,254.08,Random,baidu
18,11.09,Random,aliyun
19,87.92,Random,huawei
20,49.14,Random,tencent
21,47.06,Random,tencent
22,139.16,Random,huawei
23,19.09,Random,aliyun
24,450.30,Random,baidu
25,127.98,Random,huawei
26,45.30,Random,tencent
27,109.99,Random,huawei
28,17.63,Random,aliyun
29,46.12,Random,tencent
30,42.29,Random,tencent
31,51.86,Random,tencent
32,119.06,Random,huawei
33,35.56,Random,tencent
34,21.72,Random,aliyun
35,15.24,Random,aliyun
36,61.06,Random,tencent
37,86.56,Random,huawei
38,44.38,Random,tencent
39,333.68,Random,baidu
40,49.30,Random,tencent
41,114.99,Random,huawei
42,661.75,Random,baidu
43,43.95,Random,tencent
44,45.64,Random,tencent
45,19.87,Random,aliyun
46,21.69,Random,aliyun
47,596.77,Random,baidu
48,14.96,Random,aliyun
49,678.34,Random,baidu
50,139.06,Random,huawei
51,18.21,Random,aliyun
52,17.42,Random,aliyun
53,77.43,Random,huawei
54,116.33,Random,huawei
55,637.78,Random,baidu
56,29.79,Random,aliyun
57,88.31,Random,huawei
58,45.26,Random,tencent
59,99.54,Random,huawei
60,59.72,Random,tencent
61,26.95,Random,aliyun
62,90.28,Random,huawei
63,100.70,Random,huawei
64,100.98,Random,huawei
65,23.70,Random,aliyun
66,18.96,Random,aliyun
67,31.72,Random,tencent
68,36.99,Random,tencent
69,29.57,Random,tencent
70,73.09,Random,huawei
71,47.64,Random,tencent
72,47.67,Random,tencent
73,80.36,Random,huawei
74,677.01,Random,baidu
75,43.54,Random,tencent
76,51.90,Random,tencent
77,50.81,Random,tencent
78,65.67,Random,tencent
79,20.35,Random,aliyun
80,52.30,Random,tencent
81,102.08,Random,huawei
82,15.98,Random,aliyun
83,485.65,Random,baidu
84,34.45,Random,tencent
85,421.76,Random,baidu
86,53.92,Random,tencent
87,32.27,Random,tencent
88,24.36,Random,aliyun
89,621.51,Random,baidu
90,183.69,Random,baidu
91,21.66,Random,aliyun
92,16.27,Random,aliyun
93,22.61,Random,aliyun
94,54.45,Random,tencent
95,61.57,Random,tencent
96,590.46,Random,baidu
97,25.09,Random,aliyun
98,640.38,Random,baidu
99,10.80,Random,aliyun
100,16.40,Random,aliyun
101,14.91,Random,aliyun
102,28.70,Random,aliyun
103,41.33,Random,tencent
104,361.86,Random,baidu
105,512.50,Random,baidu
106,20.17,Random,aliyun
107,511.29,Random,baidu
108,131.40,Random,huawei
109,84.38,Random,huawei
110,393.34,Random,baidu
111,194.19,Random,baidu
112,52.58,Random,tencent
113,23.26,Random,aliyun
114,19.98,Random,aliyun
115,431.38,Random,baidu
116,61.16,Random,tencent
117,54.17,Random,tencent
118,13.80,Random,aliyun
119,41.57,Random,tencent
120,806.71,Random,baidu
121,64.38,Random,tencent
122,16.19,Random,aliyun
123,85.79,Random,huawei
124,109.00,Random,huawei
125,65.22,Random,tencent
126,76.32,Random,huawei
127,118.18,Random,huawei
128,365.12,Random,baidu
129,27.64,Random,aliyun
130,2.62,Random,aliyun
131,24.66,Random,aliyun
132,14.23,Random,aliyun
133,47.22,Random,tencent
134,130.13,Random,huawei
135,72.01,Random,huawei
136,120.75,Random,huawei
137,131.70,Random,huawei
138,16.86,Random,aliyun
139,14.47,Random,aliyun
140,48.09,Random,tencent
141,70.91,Random,tencent
142,97.27,Random,huawei
143,113.48,Random,huawei
144,42.51,Random,tencent
145,138.23,Random,baidu
146,132.05,Random,huawei
147,14.58,Random,aliyun
148,528.72,Random,baidu
149,94.73,Random,huawei
150,44.92,Random,tencent
151,381.71,Random,baidu
152,409.62,Random,baidu
153,48.18,Random,tencent
154,23.35,Random,aliyun
155,38.61,Random,tencent
156,619.54,Random,baidu
157,23.08,Random,aliyun
158,103.76,Random,huawei
159,23.67,Random,aliyun
160,107.81,Random,huawei
161,92.17,Random,baidu
162,56.57,Random,tencent
163,46.69,Random,tencent
164,51.65,Random,tencent
165,96.96,Random,huawei
166,628.79,Random,baidu
167,31.09,Random,tencent
168,116.79,Random,huawei
169,761.66,Random,baidu
170,22.24,Random,aliyun
171,389.89,Random,baidu
172,87.89,Random,huawei
173,66.75,Random,tencent
174,56.48,Random,tencent
175,101.94,Random,huawei
176,134.37,Random,huawei
177,60.69,Random,huawei
178,87.27,Random,huawei
179,84.31,Random,huawei
180,29.93,Random,aliyun
181,67.59,Random,tencent
182,126.17,Random,huawei
183,106.42,Random,huawei
184,46.92,Random,huawei
185,25.60,Random,aliyun
186,604.83,Random,baidu
187,18.08,Random,aliyun
188,955.87,Random,baidu
189,50.24,Random,tencent
190,55.70,Random,huawei
191,120.41,Random,huawei
192,94.66,Random,huawei
193,91.17,Random,huawei
194,91.14,Random,huawei
195,84.60,Random,huawei
196,55.28,Random,tencent
197,776.23,Random,baidu
198,43.67,Random,tencent
199,17.19,Random,aliyun
200,95.13,Random,huawei
201,120.63,Random,huawei
202,219.74,Random,baidu
203,607.34,Random,baidu
204,45.57,Random,tencent
205,86.27,Random,huawei
206,23.48,Random,aliyun
207,69.68,Random,huawei
208,51.96,Random,tencent
209,17.35,Random,aliyun
210,63.68,Random,tencent
211,19.31,Random,aliyun
212,257.83,Random,baidu
213,57.22,Random,tencent
214,350.51,Random,baidu
215,20.13,Random,aliyun
216,20.62,Random,aliyun
217,361.67,Random,baidu
218,9.55,Random,aliyun
219,16.06,Random,aliyun
220,649.59,Random,baidu
221,116.62,Random,huawei
222,257.78,Random,baidu
223,292.73,Random,baidu
224,763.53,Random,baidu
225,301.38,Random,baidu
226,491.30,Random,baidu
227,115.05,Random,huawei
228,387.93,Random,baidu
229,17.14,Random,aliyun
230,101.76,Random,huawei
231,24.50,Random,aliyun
232,55.74,Random,tencent
233,57.98,Random,tencent
234,59.41,Random,tencent
235,580.37,Random,baidu
236,849.74,Random,baidu
237,644.26,Random,baidu
238,25.29,Random,aliyun
239,233.11,Random,baidu
240,686.10,Random,baidu
241,506.90,Random,baidu
242,183.57,Random,baidu
243,46.13,Random,tencent
244,540.86,Random,baidu
245,25.25,Random,aliyun
246,344.65,Random,baidu
247,758.47,Random,baidu
248,62.09,Random,tencent
249,10.54,Random,aliyun
250,252.84,Random,baidu
251,15.97,Random,aliyun
252,646.47,Random,baidu
253,24.19,Random,aliyun
254,90.00,Random,huawei
255,109.50,Random,huawei
256,101.38,Random,huawei
257,305.22,Random,baidu
258,111.47,Random,huawei
259,15.15,Random,aliyun
260,101.22,Random,huawei
261,21.86,Random,aliyun
262,23.17,Random,aliyun
263,18.96,Random,aliyun
264,50.81,Random,tencent
265,25.65,Random,aliyun
266,42.49,Random,tencent
267,103.35,Random,huawei
268,29.74,Random,tencent
269,12.05,Random,aliyun
270,54.67,Random,tencent
271,19.47,Random,aliyun
272,61.17,Random,huawei
273,299.70,Random,baidu
274,624.09,Random,baidu
275,47.61,Random,tencent
276,18.62,Random,aliyun
277,15.99,Random,aliyun
278,16.97,Random,aliyun
279,117.33,Random,huawei
280,15.43,Random,aliyun
281,493.16,Random,baidu
282,901.15,Random,baidu
283,813.34,Random,baidu
284,35.05,Random,tencent
285,112.83,Random,huawei
286,135.20,Random,baidu
287,108.18,Random,huawei
288,122.48,Random,huawei
289,12.44,Random,aliyun
290,111.01,Random,huawei
291,398.75,Random,baidu
292,379.35,Random,baidu
293,120.00,Random,huawei
294,40.67,Random,tencent
295,101.46,Random,huawei
296,95.01,Random,huawei
297,126.47,Random,huawei
298,16.76,Random,aliyun
299,49.32,Random,tencent
300,163.88,Random,baidu
301,524.16,Random,baidu
302,464.66,Random,baidu
303,101.19,Random,huawei
304,43.84,Random,tencent
305,108.44,Random,huawei
306,326.69,Random,baidu
307,93.95,Random,huawei
308,95.36,Random,huawei
309,84.79,Random,huawei
310,54.75,Random,tencent
311,22.25,Random,aliyun
312,55.88,Random,tencent
313,130.58,Random,huawei
314,137.53,Random,huawei
315,95.38,Random,huawei
316,44.56,Random,tencent
317,56.51,Random,tencent
318,106.43,Random,huawei
319,101.89,Random,huawei
320,39.17,Random,tencent
321,13.63,Random,aliyun
322,14.97,Random,aliyun
323,398.96,Random,baidu
324,102.60,Random,huawei
325,559.51,Random,baidu
326,22.21,Random,aliyun
327,15.45,Random,aliyun
328,25.29,Random,aliyun
329,129.77,Random,huawei
330,22.51,Random,aliyun
331,496.16,Random,baidu
332,51.57,Random,tencent
333,306.86,Random,baidu
334,138.75,Random,huawei
335,53.26,Random,huawei
336,13.66,Random,aliyun
337,39.57,Random,tencent
338,49.62,Random,tencent
339,54.10,Random,tencent
340,44.47,Random,tencent
341,462.55,Random,baidu
342,416.22,Random,baidu
343,14.77,Random,aliyun
344,48.07,Random,tencent
345,658.39,Random,baidu
346,15.65,Random,aliyun
347,29.04,Random,tencent
348,607.20,Random,baidu
349,54.71,Random,tencent
350,103.57,Random,huawei
351,46.59,Random,tencent
352,69.16,Random,huawei
353,79.03,Random,huawei
354,716.92,Random,baidu
355,715.17,Random,baidu
356,76.66,Random,huawei
357,19.98,Random,aliyun
358,26.26,Random,aliyun
359,79.15,Random,huawei
360,30.74,Random,aliyun
361,26.94,Random,aliyun
362,69.88,Random,huawei
363,42.18,Random,tencent
364,285.42,Random,baidu
365,97.43,Random,huawei
366,60.70,Random,tencent
367,495.89,Random,baidu
368,14.97,Random,aliyun
369,103.84,Random,huawei
370,22.80,Random,aliyun
371,360.52,Random,baidu
372,89.44,Random,huawei
373,15.69,Random,aliyun
374,629.79,Random,baidu
375,22.00,Random,aliyun
376,746.76,Random,baidu
377,12.99,Random,aliyun
378,389.77,Random,baidu
379,106.68,Random,huawei
380,261.69,Random,baidu
381,38.02,Random,tencent
382,56.34,Random,huawei
383,360.49,Random,baidu
384,888.83,Random,baidu
385,68.59,Random,tencent
386,49.38,Random,tencent
387,530.80,Random,baidu
388,21.52,Random,aliyun
389,29.47,Random,aliyun
390,773.07,Random,baidu
391,45.28,Random,tencent
392,651.50,Random,baidu
393,93.18,Random,huawei
394,784.38,Random,baidu
395,25.86,Random,tencent
396,313.38,Random,baidu
397,46.89,Random,tencent
398,18.55,Random,aliyun
399,848.55,Random,baidu
400,121.81,Random,huawei
401,17.61,Random,aliyun
402,94.28,Random,huawei
403,123.05,Random,baidu
404,39.13,Random,tencent
405,107.59,Random,huawei
406,330.65,Random,baidu
407,52.44,Random,tencent
408,43.44,Random,tencent
409,436.40,Random,baidu
410,17.65,Random,aliyun
411,705.91,Random,baidu
412,853.70,Random,baidu
413,48.71,Random,tencent
414,601.38,Random,baidu
415,97.72,Random,huawei
416,23.79,Random,aliyun
417,346.86,Random,baidu
418,19.12,Random,aliyun
419,39.88,Random,tencent
420,7.05,Random,aliyun
421,110.05,Random,huawei
422,269.98,Random,baidu
423,184.08,Random,baidu
424,70.78,Random,huawei
425,201.09,Random,baidu
426,17.29,Random,aliyun
427,90.16,Random,huawei
428,49.78,Random,tencent
429,14.67,Random,aliyun
430,12.78,Random,aliyun
431,22.67,Random,aliyun
432,19.23,Random,aliyun
433,106.07,Random,huawei
434,86.43,Random,huawei
435,563.14,Random,baidu
436,51.95,Random,tencent
437,571.08,Random,baidu
438,36.77,Random,tencent
439,50.19,Random,tencent
440,356.33,Random,baidu
441,15.77,Random,aliyun
442,744.80,Random,baidu
443,41.25,Random,tencent
444,15.70,Random,aliyun
445,106.59,Random,huawei
446,419.06,Random,baidu
447,79.44,Random,huawei
448,69.59,Random,tencent
449,19.96,Random,aliyun
450,43.07,Random,tencent
451,112.79,Random,huawei
452,137.30,Random,huawei
453,551.74,Random,baidu
454,139.98,Random,huawei
455,20.51,Random,aliyun
456,714.82,Random,baidu
457,31.26,Random,tencent
458,102.51,Random,huawei
459,112.74,Random,huawei
460,35.03,Random,tencent
461,12.20,Random,aliyun
462,101.25,Random,huawei
463,94.94,Random,huawei
464,57.06,Random,tencent
465,589.74,Random,baidu
466,55.35,Random,tencent
467,133.48,Random,huawei
468,107.47,Random,huawei
469,365.14,Random,baidu
470,99.61,Random,huawei
471,15.45,Random,aliyun
472,607.18,Random,baidu
473,48.73,Random,tencent
474,853.79,Random,baidu
475,92.62,Random,huawei
476,20.21,Random,aliyun
477,19.19,Random,aliyun
478,274.52,Random,baidu
479,124.44,Random,huawei
480,708.67,Random,baidu
481,9.34,Random,aliyun
482,36.32,Random,tencent
483,104.96,Random,huawei
484,41.48,Random,tencent
485,272.64,Random,baidu
486,94.11,Random,huawei
487,17.99,Random,aliyun
488,18.05,Random,aliyun
489,25.49,Random,aliyun
490,54.10,Random,tencent
491,429.74,Random,baidu
492,84.20,Random,huawei
493,210.55,Random,baidu
494,60.97,Random,tencent
495,307.63,Random,baidu
496,650.29,Random,baidu
497,93.95,Random,huawei
498,27.01,Random,tencent
499,117.08,Random,huawei
500,24.75,Random,aliyun
501,97.71,Random,huawei
502,17.40,Random,aliyun
503,21.94,Random,aliyun
504,615.82,Random,baidu
505,21.88,Random,aliyun
506,20.86,Random,aliyun
507,42.73,Random,tencent
508,65.47,Random,tencent
509,57.11,Random,tencent
510,52.81,Random,tencent
511,43.28,Random,tencent
512,17.55,Random,aliyun
513,78.34,Random,tencent
514,102.90,Random,huawei
515,17.70,Random,aliyun
516,67.59,Random,tencent
517,51.65,Random,tencent
518,115.63,Random,huawei
519,50.78,Random,tencent
520,173.48,Random,baidu
521,446.00,Random,baidu
522,542.03,Random,baidu
523,14.09,Random,aliyun
524,17.81,Random,baidu
525,19.71,Random,aliyun
526,50.21,Random,huawei
527,23.36,Random,aliyun
528,621.01,Random,baidu
529,15.68,Random,aliyun
530,449.32,Random,baidu
531,14.74,Random,aliyun
532,94.27,Random,huawei
533,95.36,Random,huawei
534,80.23,Random,huawei
535,118.36,Random,huawei
536,288.00,Random,baidu
537,19.82,Random,aliyun
538,31.06,Random,tencent
539,678.05,Random,baidu
540,109.43,Random,huawei
541,15.54,Random,aliyun
542,73.49,Random,huawei
543,113.14,Random,huawei
544,45.62,Random,tencent
545,14.77,Random,aliyun
546,21.88,Random,aliyun
547,104.98,Random,huawei
548,37.54,Random,tencent
549,90.78,Random,huawei
550,11.39,Random,aliyun
551,716.22,Random,baidu
552,26.64,Random,aliyun
553,94.66,Random,huawei
554,16.95,Random,aliyun
555,434.95,Random,baidu
556,55.33,Random,tencent
557,84.79,Random,huawei
558,20.52,Random,aliyun
559,239.51,Random,baidu
560,14.33,Random,aliyun
561,81.47,Random,huawei
562,23.30,Random,aliyun
563,128.22,Random,huawei
564,92.50,Random,huawei
565,55.09,Random,tencent
566,797.81,Random,baidu
567,23.48,Random,aliyun
568,19.91,Random,aliyun
569,360.83,Random,baidu
570,396.06,Random,baidu
571,116.18,Random,huawei
572,22.16,Random,aliyun
573,18.05,Random,aliyun
574,18.98,Random,aliyun
575,791.72,Random,baidu
576,380.40,Random,baidu
577,21.79,Random,aliyun
578,85.23,Random,huawei
579,569.58,Random,baidu
580,119.25,Random,huawei
581,21.41,Random,aliyun
582,23.41,Random,aliyun
583,73.13,Random,tencent
584,97.52,Random,huawei
585,598.03,Random,baidu
586,588.05,Random,baidu
587,58.73,Random,tencent
588,135.78,Random,huawei
589,24.35,Random,aliyun
590,947.69,Random,baidu
591,105.30,Random,huawei
592,218.38,Random,baidu
593,360.06,Random,baidu
594,103.08,Random,huawei
595,102.72,Random,huawei
596,54.40,Random,tencent
597,73.68,Random,huawei
598,17.82,Random,aliyun
599,536.64,Random,baidu
600,301.51,Random,baidu
601,96.99,Random,huawei
602,106.18,Random,huawei
603,28.55,Random,aliyun
604,16.78,Random,aliyun
605,97.49,Random,huawei
606,94.76,Random,huawei
607,31.70,Random,tencent
608,56.14,Random,tencent
609,54.63,Random,tencent
610,50.94,Random,tencent
611,35.43,Random,tencent
612,248.97,Random,baidu
613,557.85,Random,baidu
614,118.48,Random,huawei
615,39.42,Random,tencent
616,696.52,Random,baidu
617,108.99,Random,huawei
618,84.36,Random,huawei
619,17.47,Random,aliyun
620,94.62,Random,huawei
621,101.32,Random,huawei
622,135.41,Random,huawei
623,24.63,Random,aliyun
624,252.68,Random,baidu
625,21.48,Random,aliyun
626,719.06,Random,baidu
627,42.96,Random,tencent
628,81.36,Random,huawei
629,16.38,Random,aliyun
630,840.94,Random,baidu
631,125.94,Random,huawei
632,16.92,Random,aliyun
633,49.82,Random,tencent
634,743.33,Random,baidu
635,49.31,Random,tencent
636,88.62,Random,huawei
637,616.88,Random,baidu
638,97.17,Random,huawei
639,94.08,Random,huawei
640,16.93,Random,aliyun
641,724.18,Random,baidu
642,99.51,Random,huawei
643,69.53,Random,tencent
644,125.74,Random,huawei
645,114.47,Random,huawei
646,130.33,Random,huawei
647,437.57,Random,baidu
648,30.50,Random,tencent
649,73.48,Random,huawei
650,389.28,Random,baidu
651,43.00,Random,tencent
652,16.81,Random,aliyun
653,83.33,Random,huawei
654,17.95,Random,aliyun
655,54.79,Random,tencent
656,121.85,Random,huawei
657,46.27,Random,tencent
658,54.71,Random,tencent
659,23.46,Random,aliyun
660,14.63,Random,aliyun
661,32.60,Random,tencent
662,571.50,Random,baidu
663,55.21,Random,tencent
664,683.25,Random,baidu
665,52.58,Random,tencent
666,243.31,Random,baidu
667,286.03,Random,baidu
668,41.59,Random,tencent
669,463.50,Random,baidu
670,33.64,Random,tencent
671,858.00,Random,baidu
672,542.28,Random,baidu
673,155.52,Random,baidu
674,57.33,Random,tencent
675,33.59,Random,tencent
676,121.67,Random,huawei
677,107.37,Random,huawei
678,18.55,Random,aliyun
679,14.15,Random,aliyun
680,110.22,Random,huawei
681,559.46,Random,baidu
682,52.14,Random,tencent
683,46.17,Random,tencent
684,845.71,Random,baidu
685,193.78,Random,baidu
686,16.15,Random,aliyun
687,617.24,Random,baidu
688,19.15,Random,aliyun
689,20.85,Random,aliyun
690,102.80,Random,huawei
691,89.48,Random,huawei
692,463.66,Random,baidu
693,396.88,Random,baidu
694,174.49,Random,baidu
695,12.79,Random,aliyun
696,102.44,Random,huawei
697,611.19,Random,baidu
698,20.60,Random,aliyun
699,16.37,Random,aliyun
700,20.52,Random,aliyun
701,784.73,Random,baidu
702,28.32,Random,aliyun
703,26.96,Random,aliyun
704,48.37,Random,tencent
705,15.93,Random,aliyun
706,101.23,Random,huawei
707,25.18,Random,aliyun
708,122.26,Random,huawei
709,22.52,Random,aliyun
710,541.75,Random,baidu
711,457.36,Random,baidu
712,99.92,Random,huawei
713,20.90,Random,aliyun
714,101.63,Random,huawei
715,27.30,Random,aliyun
716,112.47,Random,huawei
717,113.86,Random,huawei
718,57.35,Random,tencent
719,234.07,Random,baidu
720,51.36,Random,tencent
721,433.11,Random,baidu
722,19.60,Random,aliyun
723,52.88,Random,tencent
724,18.27,Random,aliyun
725,657.89,Random,baidu
726,493.03,Random,baidu
727,66.73,Random,tencent
728,78.30,Random,huawei
729,127.27,Random,huawei
730,113.59,Random,huawei
731,635.04,Random,baidu
732,655.98,Random,baidu
733,43.92,Random,tencent
734,431.87,Random,baidu
735,82.12,Random,huawei
736,19.71,Random,aliyun
737,45.99,Random,tencent
738,96.46,Random,huawei
739,107.37,Random,huawei
740,70.01,Random,huawei
741,55.30,Random,tencent
742,464.95,Random,baidu
743,104.73,Random,huawei
744,414.01,Random,baidu
745,33.82,Random,aliyun
746,17.57,Random,aliyun
747,41.02,Random,tencent
748,24.27,Random,aliyun
749,713.79,Random,baidu
750,22.57,Random,aliyun
751,110.46,Random,huawei
752,80.82,Random,huawei
753,58.69,Random,tencent
754,683.03,Random,baidu
755,18.48,Random,aliyun
756,40.10,Random,tencent
757,96.29,Random,huawei
758,52.22,Random,tencent
759,49.44,Random,tencent
760,60.20,Random,baidu
761,18.77,Random,aliyun
762,104.88,Random,huawei
763,34.59,Random,tencent
764,74.96,Random,huawei
765,15.92,Random,tencent
766,21.29,Random,aliyun
767,52.95,Random,tencent
768,864.74,Random,baidu
769,99.37,Random,huawei
770,93.64,Random,huawei
771,75.54,Random,huawei
772,118.76,Random,huawei
773,37.32,Random,tencent
774,89.84,Random,huawei
775,49.72,Random,tencent
776,50.97,Random,tencent
777,123.26,Random,huawei
778,44.10,Random,huawei
779,55.81,Random,tencent
780,24.61,Random,aliyun
781,580.91,Random,baidu
782,544.73,Random,baidu
783,10.76,Random,aliyun
784,64.12,Random,tencent
785,450.48,Random,baidu
786,421.85,Random,baidu
787,41.68,Random,tencent
788,29.96,Random,tencent
789,24.52,Random,aliyun
790,15.77,Random,aliyun
791,49.03,Random,tencent
792,113.11,Random,huawei
793,94.30,Random,huawei
794,19.97,Random,aliyun
795,128.40,Random,huawei
796,40.24,Random,tencent
797,15.12,Random,aliyun
798,38.95,Random,tencent
799,42.81,Random,tencent
800,114.14,Random,huawei
801,14.62,Random,aliyun
802,26.87,Random,aliyun
803,108.07,Random,huawei
804,51.10,Random,tencent
805,14.84,Random,aliyun
806,692.53,Random,baidu
807,83.87,Random,huawei
808,511.68,Random,baidu
809,862.79,Random,baidu
810,70.74,Random,huawei
811,54.40,Random,tencent
812,307.17,Random,baidu
813,111.30,Random,huawei
814,43.90,Random,tencent
815,129.41,Random,huawei
816,631.05,Random,baidu
817,23.52,Random,aliyun
818,100.53,Random,huawei
819,602.12,Random,baidu
820,52.04,Random,tencent
821,549.89,Random,baidu
822,504.35,Random,baidu
823,70.02,Random,tencent
824,129.23,Random,huawei
825,43.54,Random,tencent
826,37.98,Random,tencent
827,502.62,Random,baidu
828,91.31,Random,huawei
829,501.44,Random,baidu
830,636.18,Random,baidu
831,97.11,Random,huawei
832,25.55,Random,aliyun
833,572.99,Random,baidu
834,62.26,Random,huawei
835,411.42,Random,baidu
836,61.92,Random,tencent
837,282.88,Random,baidu
838,106.22,Random,huawei
839,50.91,Random,tencent
840,92.62,Random,huawei
841,474.34,Random,baidu
842,112.74,Random,huawei
843,13.78,Random,aliyun
844,59.88,Random,tencent
845,96.88,Random,huawei
846,100.42,Random,huawei
847,366.81,Random,baidu
848,22.61,Random,aliyun
849,103.05,Random,huawei
850,387.25,Random,baidu
851,49.31,Random,tencent
852,115.91,Random,huawei
853,426.79,Random,baidu
854,80.21,Random,huawei
855,367.82,Random,baidu
856,96.38,Random,huawei
857,100.58,Random,huawei
858,26.57,Random,aliyun
859,19.17,Random,aliyun
860,471.55,Random,baidu
861,64.53,Random,tencent
862,17.35,Random,aliyun
863,438.73,Random,baidu
864,53.24,Random,tencent
865,16.65,Random,aliyun
866,58.62,Random,tencent
867,51.03,Random,tencent
868,424.92,Random,baidu
869,308.62,Random,baidu
870,18.34,Random,aliyun
871,76.74,Random,huawei
872,328.66,Random,baidu
873,48.62,Random,tencent
874,655.89,Random,baidu
875,90.40,Random,huawei
876,89.93,Random,huawei
877,45.83,Random,tencent
878,86.67,Random,huawei
879,94.90,Random,huawei
880,91.44,Random,huawei
881,206.01,Random,baidu
882,74.56,Random,huawei
883,103.25,Random,huawei
884,121.66,Random,huawei
885,708.29,Random,baidu
886,707.18,Random,baidu
887,27.39,Random,tencent
888,148.13,Random,huawei
889,23.26,Random,aliyun
890,125.95,Random,huawei
891,365.74,Random,baidu
892,53.69,Random,tencent
893,123.76,Random,huawei
894,62.71,Random,tencent
895,60.41,Random,tencent
896,70.61,Random,tencent
897,56.81,Random,tencent
898,59.77,Random,tencent
899,566.89,Random,baidu
900,18.86,Random,aliyun
901,45.06,Random,tencent
902,263.72,Random,baidu
903,162.03,Random,baidu
904,303.49,Random,baidu
905,72.76,Random,huawei
906,98.46,Random,huawei
907,21.70,Random,aliyun
908,34.36,Random,tencent
909,18.24,Random,aliyun
910,33.42,Random,tencent
911,24.70,Random,aliyun
912,530.34,Random,baidu
913,87.52,Random,huawei
914,26.47,Random,aliyun
915,20.38,Random,aliyun
916,87.05,Random,huawei
917,1087.14,Random,baidu
918,56.66,Random,tencent
919,40.95,Random,tencent
920,16.07,Random,aliyun
921,128.34,Random,huawei
922,59.03,Random,tencent
923,101.60,Random,huawei
924,58.89,Random,tencent
925,851.48,Random,baidu
926,415.20,Random,baidu
927,19.80,Random,aliyun
928,61.32,Random,tencent
929,48.69,Random,tencent
930,19.75,Random,aliyun
931,114.62,Random,huawei
932,89.73,Random,huawei
933,27.59,Random,aliyun
934,82.52,Random,huawei
935,13.68,Random,aliyun
936,17.12,Random,aliyun
937,102.55,Random,huawei
938,12.35,Random,aliyun
939,63.62,Random,huawei
940,51.03,Random,tencent
941,55.25,Random,tencent
942,496.12,Random,baidu
943,227.16,Random,baidu
944,516.62,Random,baidu
945,32.02,Random,tencent
946,44.30,Random,tencent
947,13.90,Random,aliyun
948,313.42,Random,baidu
949,19.17,Random,aliyun
950,25.13,Random,aliyun
951,31.00,Random,tencent
952,60.04,Random,tencent
953,837.41,Random,baidu
954,16.63,Random,aliyun
955,212.25,Random,baidu
956,24.37,Random,aliyun
957,16.78,Random,aliyun
958,640.01,Random,baidu
959,23.82,Random,aliyun
960,419.92,Random,baidu
961,16.20,Random,aliyun
962,499.56,Random,baidu
963,50.78,Random,tencent
964,24.41,Random,aliyun
965,21.29,Random,aliyun
966,21.73,Random,aliyun
967,469.78,Random,baidu
968,19.27,Random,aliyun
969,56.13,Random,tencent
970,203.05,Random,baidu
971,798.97,Random,baidu
972,284.84,Random,baidu
973,60.67,Random,tencent
974,146.20,Random,huawei
975,926.40,Random,baidu
976,49.02,Random,tencent
977,16.49,Random,aliyun
978,25.52,Random,aliyun
979,469.95,Random,baidu
980,567.09,Random,baidu
981,86.49,Random,huawei
982,46.22,Random,tencent
983,31.62,Random,aliyun
984,21.90,Random,aliyun
985,15.15,Random,aliyun
986,51.26,Random,tencent
987,22.22,Random,aliyun
988,245.25,Random,baidu
989,15.51,Random,aliyun
990,49.40,Random,tencent
991,39.87,Random,tencent
992,50.48,Random,tencent
993,32.71,Random,tencent
994,104.43,Random,huawei
995,144.34,Random,huawei
996,103.36,Random,huawei
997,70.37,Random,tencent
998,477.87,Random,baidu
999,53.37,Random,tencent
0,48.56,Smart,tencent
1,48.27,Smart,tencent
2,48.89,Smart,tencent
3,57.02,Smart,tencent
4,48.72,Smart,tencent
5,35.03,Smart,tencent
6,53.32,Smart,tencent
7,47.33,Smart,tencent
8,47.83,Smart,tencent
9,51.16,Smart,tencent
10,52.32,Smart,tencent
11,61.64,Smart,tencent
12,56.57,Smart,tencent
13,51.11,Smart,tencent
14,42.62,Smart,tencent
15,39.85,Smart,tencent
16,52.46,Smart,tencent
17,63.11,Smart,tencent
18,50.42,Smart,tencent
19,48.94,Smart,tencent
20,55.32,Smart,tencent
21,35.46,Smart,tencent
22,46.88,Smart,tencent
23,54.90,Smart,tencent
24,58.73,Smart,tencent
25,47.59,Smart,tencent
26,53.77,Smart,tencent
27,52.48,Smart,tencent
28,57.82,Smart,tencent
29,38.87,Smart,tencent
30,55.68,Smart,tencent
31,34.85,Smart,tencent
32,23.80,Smart,tencent
33,43.93,Smart,tencent
34,40.84,Smart,tencent
35,58.76,Smart,tencent
36,56.64,Smart,tencent
37,37.81,Smart,tencent
38,58.47,Smart,tencent
39,39.98,Smart,tencent
40,49.14,Smart,tencent
41,47.06,Smart,tencent
42,51.14,Smart,tencent
43,58.19,Smart,tencent
44,56.38,Smart,tencent
45,53.50,Smart,tencent
46,56.50,Smart,tencent
47,54.78,Smart,tencent
48,43.73,Smart,tencent
49,42.83,Smart,tencent
50,45.30,Smart,tencent
51,54.99,Smart,tencent
52,47.50,Smart,tencent
53,73.36,Smart,tencent
54,83.61,Smart,huawei
55,78.02,Smart,huawei
56,115.37,Smart,huawei
57,64.22,Smart,tencent
58,55.06,Smart,tencent
59,58.36,Smart,tencent
60,64.26,Smart,tencent
61,49.06,Smart,tencent
62,35.77,Smart,tencent
63,44.68,Smart,tencent
64,59.53,Smart,tencent
65,35.56,Smart,tencent
66,50.34,Smart,tencent
67,52.53,Smart,tencent
68,46.84,Smart,tencent
69,57.24,Smart,tencent
70,55.81,Smart,tencent
71,73.21,Smart,tencent
72,56.20,Smart,tencent
73,43.91,Smart,tencent
74,44.38,Smart,tencent
75,41.68,Smart,tencent
76,59.52,Smart,tencent
77,44.33,Smart,tencent
78,49.30,Smart,tencent
79,57.49,Smart,tencent
80,42.77,Smart,tencent
81,47.06,Smart,tencent
82,31.59,Smart,tencent
83,39.18,Smart,tencent
84,44.32,Smart,tencent
85,54.16,Smart,tencent
86,61.93,Smart,tencent
87,49.82,Smart,tencent
88,52.61,Smart,tencent
89,51.68,Smart,tencent
90,60.85,Smart,tencent
91,58.93,Smart,tencent
92,52.74,Smart,tencent
93,39.89,Smart,tencent
94,59.03,Smart,tencent
95,53.81,Smart,tencent
96,62.27,Smart,tencent
97,49.70,Smart,tencent
98,69.53,Smart,tencent
99,46.41,Smart,tencent
100,65.93,Smart,tencent
101,51.15,Smart,tencent
102,44.84,Smart,tencent
103,38.72,Smart,tencent
104,48.49,Smart,tencent
105,64.23,Smart,tencent
106,58.16,Smart,tencent
107,56.89,Smart,tencent
108,26.24,Smart,tencent
109,57.11,Smart,tencent
110,55.56,Smart,tencent
111,44.50,Smart,tencent
112,43.73,Smart,tencent
113,49.98,Smart,tencent
114,67.25,Smart,tencent
115,39.45,Smart,tencent
116,45.72,Smart,tencent
117,63.62,Smart,tencent
118,45.54,Smart,tencent
119,46.36,Smart,tencent
120,50.98,Smart,tencent
121,37.59,Smart,tencent
122,52.20,Smart,tencent
123,37.90,Smart,tencent
124,58.85,Smart,tencent
125,50.03,Smart,tencent
126,72.83,Smart,tencent
127,52.81,Smart,tencent
128,63.66,Smart,tencent
129,36.97,Smart,tencent
130,48.78,Smart,tencent
131,53.23,Smart,tencent
132,67.46,Smart,tencent
133,33.19,Smart,tencent
134,59.91,Smart,tencent
135,55.91,Smart,tencent
136,65.34,Smart,tencent
137,57.12,Smart,tencent
138,50.52,Smart,tencent
139,44.78,Smart,tencent
140,37.52,Smart,tencent
141,51.95,Smart,tencent
142,48.08,Smart,tencent
143,70.20,Smart,tencent
144,43.89,Smart,tencent
145,53.20,Smart,tencent
146,34.31,Smart,tencent
147,46.05,Smart,tencent
148,52.61,Smart,tencent
149,58.24,Smart,tencent
150,64.48,Smart,tencent
151,49.56,Smart,tencent
152,38.83,Smart,tencent
153,54.58,Smart,tencent
154,55.17,Smart,tencent
155,54.92,Smart,tencent
156,43.00,Smart,tencent
157,61.33,Smart,tencent
158,50.88,Smart,tencent
159,57.00,Smart,tencent
160,62.74,Smart,tencent
161,56.09,Smart,tencent
162,52.87,Smart,tencent
163,71.53,Smart,tencent
164,52.44,Smart,tencent
165,47.04,Smart,tencent
166,51.12,Smart,tencent
167,64.83,Smart,tencent
168,51.19,Smart,tencent
169,55.19,Smart,tencent
170,61.96,Smart,tencent
171,44.87,Smart,tencent
172,32.73,Smart,tencent
173,52.99,Smart,tencent
174,52.30,Smart,tencent
175,43.92,Smart,tencent
176,58.71,Smart,tencent
177,56.08,Smart,tencent
178,40.05,Smart,tencent
179,55.18,Smart,tencent
180,48.04,Smart,tencent
181,35.17,Smart,tencent
182,54.53,Smart,tencent
183,49.55,Smart,tencent
184,42.55,Smart,tencent
185,55.23,Smart,tencent
186,54.88,Smart,tencent
187,44.22,Smart,tencent
188,54.00,Smart,tencent
189,60.15,Smart,tencent
190,42.87,Smart,tencent
191,53.81,Smart,tencent
192,50.03,Smart,tencent
193,72.66,Smart,tencent
194,31.38,Smart,tencent
195,56.95,Smart,tencent
196,46.94,Smart,tencent
197,49.00,Smart,tencent
198,69.02,Smart,tencent
199,49.91,Smart,tencent
200,72.41,Smart,tencent
201,45.58,Smart,tencent
202,53.51,Smart,tencent
203,45.09,Smart,tencent
204,43.09,Smart,tencent
205,50.62,Smart,tencent
206,47.17,Smart,tencent
207,52.02,Smart,tencent
208,28.95,Smart,tencent
209,70.02,Smart,tencent
210,48.33,Smart,tencent
211,67.43,Smart,tencent
212,39.93,Smart,tencent
213,52.93,Smart,tencent
214,81.65,Smart,tencent
215,82.61,Smart,huawei
216,70.09,Smart,huawei
217,89.07,Smart,huawei
218,109.45,Smart,huawei
219,113.87,Smart,huawei
220,26.45,Smart,aliyun
221,47.43,Smart,tencent
222,33.98,Smart,tencent
223,45.65,Smart,tencent
224,62.40,Smart,tencent
225,54.66,Smart,tencent
226,30.43,Smart,tencent
227,49.65,Smart,tencent
228,63.98,Smart,tencent
229,71.27,Smart,tencent
230,55.62,Smart,tencent
231,53.09,Smart,tencent
232,37.60,Smart,tencent
233,41.57,Smart,tencent
234,50.47,Smart,tencent
235,55.03,Smart,tencent
236,55.80,Smart,tencent
237,45.22,Smart,tencent
238,38.48,Smart,tencent
239,42.22,Smart,tencent
240,38.43,Smart,tencent
241,56.43,Smart,tencent
242,26.88,Smart,tencent
243,46.67,Smart,tencent
244,54.50,Smart,tencent
245,65.22,Smart,tencent
246,50.71,Smart,tencent
247,60.01,Smart,tencent
248,46.01,Smart,tencent
249,42.56,Smart,tencent
250,43.26,Smart,tencent
251,65.27,Smart,tencent
252,59.94,Smart,tencent
253,54.87,Smart,tencent
254,83.30,Smart,tencent
255,49.68,Smart,tencent
256,56.20,Smart,tencent
257,53.08,Smart,tencent
258,47.78,Smart,tencent
259,73.16,Smart,tencent
260,65.07,Smart,tencent
261,36.01,Smart,tencent
262,46.00,Smart,tencent
263,54.28,Smart,tencent
264,57.83,Smart,tencent
265,36.52,Smart,tencent
266,27.44,Smart,tencent
267,30.94,Smart,tencent
268,49.29,Smart,tencent
269,48.97,Smart,tencent
270,53.45,Smart,tencent
271,42.30,Smart,tencent
272,37.76,Smart,tencent
273,29.77,Smart,tencent
274,53.29,Smart,tencent
275,53.70,Smart,tencent
276,59.93,Smart,tencent
277,57.91,Smart,tencent
278,48.09,Smart,tencent
279,63.49,Smart,tencent
280,48.64,Smart,tencent
281,43.39,Smart,tencent
282,44.79,Smart,tencent
283,44.15,Smart,tencent
284,28.34,Smart,tencent
285,51.56,Smart,tencent
286,52.50,Smart,tencent
287,46.38,Smart,tencent
288,42.86,Smart,tencent
289,53.72,Smart,tencent
290,67.17,Smart,tencent
291,50.38,Smart,tencent
292,44.92,Smart,tencent
293,44.09,Smart,tencent
294,49.30,Smart,tencent
295,37.35,Smart,tencent
296,48.75,Smart,tencent
297,50.61,Smart,tencent
298,68.45,Smart,tencent
299,59.43,Smart,tencent
300,60.34,Smart,tencent
301,42.87,Smart,tencent
302,56.70,Smart,tencent
303,38.61,Smart,tencent
304,53.12,Smart,tencent
305,54.19,Smart,tencent
306,42.34,Smart,tencent
307,69.99,Smart,tencent
308,55.67,Smart,tencent
309,30.97,Smart,tencent
310,55.53,Smart,tencent
311,45.93,Smart,tencent
312,50.01,Smart,tencent
313,54.66,Smart,tencent
314,53.91,Smart,tencent
315,29.61,Smart,tencent
316,38.42,Smart,tencent
317,57.73,Smart,tencent
318,63.01,Smart,tencent
319,69.03,Smart,tencent
320,68.03,Smart,tencent
321,29.44,Smart,tencent
322,57.69,Smart,tencent
323,30.84,Smart,tencent
324,66.14,Smart,tencent
325,52.53,Smart,tencent
326,38.59,Smart,tencent
327,70.10,Smart,tencent
328,56.44,Smart,tencent
329,31.09,Smart,tencent
330,52.93,Smart,tencent
331,42.69,Smart,tencent
332,51.11,Smart,tencent
333,45.35,Smart,tencent
334,63.73,Smart,tencent
335,35.77,Smart,tencent
336,53.17,Smart,tencent
337,68.14,Smart,tencent
338,41.73,Smart,tencent
339,52.11,Smart,tencent
340,52.02,Smart,tencent
341,43.10,Smart,tencent
342,56.48,Smart,tencent
343,50.97,Smart,tencent
344,40.56,Smart,tencent
345,67.62,Smart,tencent
346,57.92,Smart,tencent
347,48.33,Smart,tencent
348,43.63,Smart,tencent
349,42.16,Smart,tencent
350,62.31,Smart,tencent
351,48.54,Smart,tencent
352,54.59,Smart,tencent
353,48.16,Smart,tencent
354,56.16,Smart,tencent
355,48.84,Smart,tencent
356,57.64,Smart,tencent
357,48.17,Smart,tencent
358,58.30,Smart,tencent
359,56.72,Smart,tencent
360,48.83,Smart,tencent
361,41.40,Smart,tencent
362,40.60,Smart,tencent
363,42.59,Smart,tencent
364,40.16,Smart,tencent
365,58.66,Smart,tencent
366,49.53,Smart,tencent
367,65.70,Smart,tencent
368,72.79,Smart,tencent
369,50.24,Smart,tencent
370,34.52,Smart,tencent
371,46.19,Smart,tencent
372,49.25,Smart,tencent
373,35.12,Smart,tencent
374,47.50,Smart,tencent
375,52.87,Smart,tencent
376,45.41,Smart,tencent
377,42.32,Smart,tencent
378,42.41,Smart,tencent
379,67.87,Smart,tencent
380,48.40,Smart,tencent
381,41.70,Smart,tencent
382,46.27,Smart,tencent
383,59.54,Smart,tencent
384,43.15,Smart,tencent
385,54.82,Smart,tencent
386,57.28,Smart,tencent
387,57.49,Smart,tencent
388,64.00,Smart,tencent
389,44.50,Smart,tencent
390,61.33,Smart,tencent
391,42.07,Smart,tencent
392,46.03,Smart,tencent
393,61.96,Smart,tencent
394,58.22,Smart,tencent
395,50.02,Smart,tencent
396,38.09,Smart,tencent
397,55.62,Smart,tencent
398,43.70,Smart,tencent
399,40.76,Smart,tencent
400,43.52,Smart,tencent
401,52.46,Smart,tencent
402,28.79,Smart,tencent
403,53.61,Smart,tencent
404,51.74,Smart,tencent
405,44.15,Smart,tencent
406,60.37,Smart,tencent
407,56.11,Smart,tencent
408,43.94,Smart,tencent
409,43.30,Smart,tencent
410,56.95,Smart,tencent
411,34.84,Smart,tencent
412,46.67,Smart,tencent
413,43.69,Smart,tencent
414,50.70,Smart,tencent
415,52.11,Smart,tencent
416,50.37,Smart,tencent
417,61.35,Smart,tencent
418,52.28,Smart,tencent
419,46.85,Smart,tencent
420,37.89,Smart,tencent
421,57.22,Smart,tencent
422,55.28,Smart,tencent
423,64.51,Smart,tencent
424,42.53,Smart,tencent
425,50.26,Smart,tencent
426,49.41,Smart,tencent
427,49.12,Smart,tencent
428,50.10,Smart,tencent
429,32.85,Smart,tencent
430,58.25,Smart,tencent
431,56.53,Smart,tencent
432,61.30,Smart,tencent
433,72.50,Smart,tencent
434,46.81,Smart,tencent
435,49.64,Smart,tencent
436,50.10,Smart,tencent
437,69.42,Smart,tencent
438,32.69,Smart,tencent
439,54.86,Smart,tencent
440,35.29,Smart,tencent
441,24.18,Smart,tencent
442,29.79,Smart,tencent
443,36.18,Smart,tencent
444,60.69,Smart,tencent
445,41.32,Smart,tencent
446,47.73,Smart,tencent
447,38.36,Smart,tencent
448,56.11,Smart,tencent
449,38.98,Smart,tencent
450,63.18,Smart,tencent
451,40.07,Smart,tencent
452,42.35,Smart,tencent
453,51.23,Smart,tencent
454,50.25,Smart,tencent
455,64.25,Smart,tencent
456,51.20,Smart,tencent
457,37.92,Smart,tencent
458,44.40,Smart,tencent
459,44.27,Smart,tencent
460,57.25,Smart,tencent
461,53.84,Smart,tencent
462,48.81,Smart,tencent
463,58.70,Smart,tencent
464,44.72,Smart,tencent
465,48.64,Smart,tencent
466,51.81,Smart,tencent
467,65.28,Smart,tencent
468,49.01,Smart,tencent
469,46.49,Smart,tencent
470,39.54,Smart,tencent
471,56.86,Smart,tencent
472,44.12,Smart,tencent
473,53.44,Smart,tencent
474,30.98,Smart,tencent
475,60.43,Smart,tencent
476,36.68,Smart,tencent
477,42.23,Smart,tencent
478,60.59,Smart,tencent
479,36.66,Smart,tencent
480,49.21,Smart,tencent
481,50.74,Smart,tencent
482,40.01,Smart,tencent
483,63.43,Smart,tencent
484,64.99,Smart,tencent
485,30.28,Smart,tencent
486,35.51,Smart,tencent
487,58.08,Smart,tencent
488,36.97,Smart,tencent
489,46.11,Smart,tencent
490,51.30,Smart,tencent
491,56.92,Smart,tencent
492,47.77,Smart,tencent
493,50.95,Smart,tencent
494,42.23,Smart,tencent
495,62.92,Smart,tencent
496,45.05,Smart,tencent
497,53.40,Smart,tencent
498,44.88,Smart,tencent
499,51.06,Smart,tencent
500,48.32,Smart,tencent
501,48.38,Smart,tencent
502,39.86,Smart,tencent
503,57.96,Smart,tencent
504,64.14,Smart,tencent
505,52.43,Smart,tencent
506,57.32,Smart,tencent
507,58.38,Smart,tencent
508,59.28,Smart,tencent
509,53.03,Smart,tencent
510,52.12,Smart,tencent
511,58.64,Smart,tencent
512,50.69,Smart,tencent
513,40.26,Smart,tencent
514,50.24,Smart,tencent
515,31.12,Smart,tencent
516,49.94,Smart,tencent
517,54.13,Smart,tencent
518,62.36,Smart,tencent
519,51.51,Smart,tencent
520,59.28,Smart,tencent
521,49.99,Smart,tencent
522,39.77,Smart,tencent
523,35.89,Smart,tencent
524,40.30,Smart,tencent
525,36.34,Smart,tencent
526,56.34,Smart,tencent
527,47.92,Smart,tencent
528,55.70,Smart,tencent
529,50.73,Smart,tencent
530,60.44,Smart,tencent
531,60.60,Smart,tencent
532,43.55,Smart,tencent
533,47.26,Smart,tencent
534,44.67,Smart,tencent
535,33.79,Smart,tencent
536,56.75,Smart,tencent
537,61.89,Smart,tencent
538,49.94,Smart,tencent
539,45.07,Smart,tencent
540,60.91,Smart,tencent
541,26.55,Smart,tencent
542,51.77,Smart,tencent
543,51.43,Smart,tencent
544,44.29,Smart,tencent
545,63.92,Smart,tencent
546,59.71,Smart,tencent
547,47.39,Smart,tencent
548,49.13,Smart,tencent
549,46.12,Smart,tencent
550,44.88,Smart,tencent
551,36.92,Smart,tencent
552,63.80,Smart,tencent
553,60.28,Smart,tencent
554,57.98,Smart,tencent
555,39.06,Smart,tencent
556,70.81,Smart,tencent
557,69.80,Smart,tencent
558,51.88,Smart,tencent
559,40.96,Smart,tencent
560,41.34,Smart,tencent
561,54.19,Smart,tencent
562,40.87,Smart,tencent
563,49.66,Smart,tencent
564,60.89,Smart,tencent
565,34.93,Smart,tencent
566,70.06,Smart,tencent
567,65.67,Smart,tencent
568,37.63,Smart,tencent
569,35.86,Smart,tencent
570,47.17,Smart,tencent
571,39.69,Smart,tencent
572,47.36,Smart,tencent
573,24.19,Smart,tencent
574,47.71,Smart,tencent
575,68.03,Smart,tencent
576,38.83,Smart,tencent
577,47.27,Smart,tencent
578,35.10,Smart,tencent
579,56.38,Smart,tencent
580,47.75,Smart,tencent
581,69.41,Smart,tencent
582,52.07,Smart,tencent
583,46.28,Smart,tencent
584,55.50,Smart,tencent
585,44.94,Smart,tencent
586,36.61,Smart,tencent
587,53.02,Smart,tencent
588,48.25,Smart,tencent
589,51.66,Smart,tencent
590,53.75,Smart,tencent
591,44.90,Smart,tencent
592,54.22,Smart,tencent
593,67.38,Smart,tencent
594,38.92,Smart,tencent
595,67.37,Smart,tencent
596,47.57,Smart,tencent
597,42.33,Smart,tencent
598,74.27,Smart,tencent
599,51.55,Smart,tencent
600,63.70,Smart,tencent
601,58.18,Smart,tencent
602,33.19,Smart,tencent
603,51.21,Smart,tencent
604,44.75,Smart,tencent
605,36.58,Smart,tencent
606,32.28,Smart,tencent
607,51.02,Smart,tencent
608,55.90,Smart,tencent
609,53.91,Smart,tencent
610,46.94,Smart,tencent
611,42.01,Smart,tencent
612,40.13,Smart,tencent
613,44.45,Smart,tencent
614,39.67,Smart,tencent
615,47.97,Smart,tencent
616,49.77,Smart,tencent
617,41.04,Smart,tencent
618,47.68,Smart,tencent
619,42.40,Smart,tencent
620,49.96,Smart,tencent
621,55.07,Smart,tencent
622,51.78,Smart,tencent
623,54.72,Smart,tencent
624,33.48,Smart,tencent
625,46.21,Smart,tencent
626,52.77,Smart,tencent
627,56.41,Smart,tencent
628,34.02,Smart,tencent
629,51.59,Smart,tencent
630,62.06,Smart,tencent
631,48.21,Smart,tencent
632,49.05,Smart,tencent
633,54.50,Smart,tencent
634,52.47,Smart,tencent
635,56.75,Smart,tencent
636,50.72,Smart,tencent
637,51.52,Smart,tencent
638,42.18,Smart,tencent
639,48.30,Smart,tencent
640,62.53,Smart,tencent
641,47.96,Smart,tencent
642,48.31,Smart,tencent
643,45.08,Smart,tencent
644,57.87,Smart,tencent
645,41.45,Smart,tencent
646,59.11,Smart,tencent
647,40.63,Smart,tencent
648,39.42,Smart,tencent
649,52.06,Smart,tencent
650,51.30,Smart,tencent
651,52.98,Smart,tencent
652,60.63,Smart,tencent
653,45.88,Smart,tencent
654,54.43,Smart,tencent
655,40.90,Smart,tencent
656,62.59,Smart,tencent
657,56.32,Smart,tencent
658,55.37,Smart,tencent
659,51.88,Smart,tencent
660,42.14,Smart,tencent
661,46.73,Smart,tencent
662,55.02,Smart,tencent
663,49.81,Smart,tencent
664,51.24,Smart,tencent
665,36.40,Smart,tencent
666,51.81,Smart,tencent
667,43.08,Smart,tencent
668,39.17,Smart,tencent
669,48.45,Smart,tencent
670,31.43,Smart,tencent
671,56.99,Smart,tencent
672,58.52,Smart,tencent
673,49.47,Smart,tencent
674,40.06,Smart,tencent
675,40.55,Smart,tencent
676,48.49,Smart,tencent
677,25.76,Smart,tencent
678,51.80,Smart,tencent
679,56.64,Smart,tencent
680,46.88,Smart,tencent
681,45.06,Smart,tencent
682,51.82,Smart,tencent
683,53.51,Smart,tencent
684,60.94,Smart,tencent
685,50.18,Smart,tencent
686,43.10,Smart,tencent
687,45.39,Smart,tencent
688,51.82,Smart,tencent
689,65.56,Smart,tencent
690,46.80,Smart,tencent
691,39.47,Smart,tencent
692,41.30,Smart,tencent
693,29.04,Smart,tencent
694,53.30,Smart,tencent
695,36.39,Smart,tencent
696,37.66,Smart,tencent
697,30.24,Smart,tencent
698,38.82,Smart,tencent
699,55.68,Smart,tencent
700,36.89,Smart,tencent
701,32.50,Smart,tencent
702,51.78,Smart,tencent
703,46.59,Smart,tencent
704,54.32,Smart,tencent
705,57.41,Smart,tencent
706,49.92,Smart,tencent
707,37.02,Smart,tencent
708,48.76,Smart,tencent
709,55.00,Smart,tencent
710,44.17,Smart,tencent
711,35.63,Smart,tencent
712,61.03,Smart,tencent
713,45.85,Smart,tencent
714,45.91,Smart,tencent
715,50.16,Smart,tencent
716,60.30,Smart,tencent
717,52.64,Smart,tencent
718,46.67,Smart,tencent
719,56.82,Smart,tencent
720,71.47,Smart,tencent
721,63.88,Smart,tencent
722,56.73,Smart,tencent
723,38.78,Smart,tencent
724,87.52,Smart,tencent
725,38.01,Smart,tencent
726,46.28,Smart,tencent
727,43.00,Smart,tencent
728,66.27,Smart,tencent
729,54.20,Smart,tencent
730,35.73,Smart,tencent
731,52.68,Smart,tencent
732,55.47,Smart,tencent
733,46.82,Smart,tencent
734,37.80,Smart,tencent
735,42.75,Smart,tencent
736,45.63,Smart,tencent
737,50.23,Smart,tencent
738,44.80,Smart,tencent
739,57.35,Smart,tencent
740,40.50,Smart,tencent
741,32.69,Smart,tencent
742,42.61,Smart,tencent
743,63.49,Smart,tencent
744,44.27,Smart,tencent
745,73.41,Smart,tencent
746,54.91,Smart,tencent
747,38.36,Smart,tencent
748,41.66,Smart,tencent
749,52.43,Smart,tencent
750,38.22,Smart,tencent
751,73.75,Smart,tencent
752,40.09,Smart,tencent
753,56.81,Smart,tencent
754,64.60,Smart,tencent
755,48.91,Smart,tencent
756,40.04,Smart,tencent
757,47.27,Smart,tencent
758,53.62,Smart,tencent
759,58.76,Smart,tencent
760,50.57,Smart,tencent
761,36.00,Smart,tencent
762,50.42,Smart,tencent
763,43.27,Smart,tencent
764,28.17,Smart,tencent
765,43.02,Smart,tencent
766,35.68,Smart,tencent
767,55.87,Smart,tencent
768,69.44,Smart,tencent
769,68.59,Smart,tencent
770,44.27,Smart,tencent
771,45.33,Smart,tencent
772,56.89,Smart,tencent
773,60.61,Smart,tencent
774,45.81,Smart,tencent
775,48.57,Smart,tencent
776,72.07,Smart,tencent
777,48.93,Smart,tencent
778,45.15,Smart,tencent
779,51.20,Smart,tencent
780,55.80,Smart,tencent
781,39.78,Smart,tencent
782,47.52,Smart,tencent
783,38.34,Smart,tencent
784,47.22,Smart,tencent
785,68.77,Smart,tencent
786,57.42,Smart,tencent
787,49.07,Smart,tencent
788,40.67,Smart,tencent
789,46.89,Smart,tencent
790,60.51,Smart,tencent
791,44.38,Smart,tencent
792,64.50,Smart,tencent
793,36.26,Smart,tencent
794,47.10,Smart,tencent
795,67.43,Smart,tencent
796,29.92,Smart,tencent
797,61.88,Smart,tencent
798,31.49,Smart,tencent
799,49.10,Smart,tencent
800,48.27,Smart,tencent
801,58.24,Smart,tencent
802,18.45,Smart,tencent
803,30.82,Smart,tencent
804,44.34,Smart,tencent
805,50.37,Smart,tencent
806,41.07,Smart,tencent
807,47.79,Smart,tencent
808,38.14,Smart,tencent
809,45.99,Smart,tencent
810,41.53,Smart,tencent
811,52.44,Smart,tencent
812,55.81,Smart,tencent
813,64.33,Smart,tencent
814,43.44,Smart,tencent
815,46.82,Smart,tencent
816,50.48,Smart,tencent
817,47.05,Smart,tencent
818,49.48,Smart,tencent
819,34.38,Smart,tencent
820,53.72,Smart,tencent
821,40.85,Smart,tencent
822,40.43,Smart,tencent
823,34.12,Smart,tencent
824,61.61,Smart,tencent
825,48.59,Smart,tencent
826,61.49,Smart,tencent
827,52.72,Smart,tencent
828,32.97,Smart,tencent
829,39.16,Smart,tencent
830,57.58,Smart,tencent
831,42.34,Smart,tencent
832,39.10,Smart,tencent
833,48.21,Smart,tencent
834,48.23,Smart,tencent
835,39.88,Smart,tencent
836,46.74,Smart,tencent
837,45.22,Smart,tencent
838,24.10,Smart,tencent
839,55.03,Smart,tencent
840,41.89,Smart,tencent
841,63.04,Smart,tencent
842,38.50,Smart,tencent
843,34.20,Smart,tencent
844,61.88,Smart,tencent
845,34.15,Smart,tencent
846,43.64,Smart,tencent
847,55.97,Smart,tencent
848,46.70,Smart,tencent
849,33.45,Smart,tencent
850,51.88,Smart,tencent
851,48.06,Smart,tencent
852,62.84,Smart,tencent
853,55.89,Smart,tencent
854,80.36,Smart,tencent
855,33.54,Smart,tencent
856,49.78,Smart,tencent
857,39.33,Smart,tencent
858,61.55,Smart,tencent
859,58.22,Smart,tencent
860,57.54,Smart,tencent
861,42.23,Smart,tencent
862,42.55,Smart,tencent
863,29.70,Smart,tencent
864,67.10,Smart,tencent
865,55.08,Smart,tencent
866,47.39,Smart,tencent
867,59.34,Smart,tencent
868,57.51,Smart,tencent
869,59.75,Smart,tencent
870,33.76,Smart,tencent
871,42.86,Smart,tencent
872,51.95,Smart,tencent
873,53.55,Smart,tencent
874,59.57,Smart,tencent
875,39.91,Smart,tencent
876,51.27,Smart,tencent
877,72.05,Smart,tencent
878,56.92,Smart,tencent
879,58.71,Smart,tencent
880,49.81,Smart,tencent
881,57.68,Smart,tencent
882,68.04,Smart,tencent
883,51.07,Smart,tencent
884,62.24,Smart,tencent
885,41.25,Smart,tencent
886,55.90,Smart,tencent
887,59.04,Smart,tencent
888,42.48,Smart,tencent
889,60.98,Smart,tencent
890,43.25,Smart,tencent
891,41.95,Smart,tencent
892,49.99,Smart,tencent
893,69.32,Smart,tencent
894,53.09,Smart,tencent
895,59.36,Smart,tencent
896,42.68,Smart,tencent
897,50.77,Smart,tencent
898,38.23,Smart,tencent
899,44.29,Smart,tencent
900,58.36,Smart,tencent
901,49.62,Smart,tencent
902,64.51,Smart,tencent
903,47.98,Smart,tencent
904,48.02,Smart,tencent
905,62.77,Smart,tencent
906,43.51,Smart,tencent
907,34.80,Smart,tencent
908,63.01,Smart,tencent
909,54.14,Smart,tencent
910,28.35,Smart,tencent
911,50.45,Smart,tencent
912,45.96,Smart,tencent
913,67.45,Smart,tencent
914,42.71,Smart,tencent
915,44.19,Smart,tencent
916,40.90,Smart,tencent
917,39.46,Smart,tencent
918,43.00,Smart,tencent
919,35.64,Smart,tencent
920,39.69,Smart,tencent
921,33.93,Smart,tencent
922,35.03,Smart,tencent
923,34.40,Smart,tencent
924,44.79,Smart,tencent
925,43.16,Smart,tencent
926,37.74,Smart,tencent
927,54.78,Smart,tencent
928,49.52,Smart,tencent
929,45.68,Smart,tencent
930,45.36,Smart,tencent
931,65.93,Smart,tencent
932,52.40,Smart,tencent
933,54.75,Smart,tencent
934,24.14,Smart,tencent
935,43.46,Smart,tencent
936,28.29,Smart,tencent
937,45.74,Smart,tencent
938,53.73,Smart,tencent
939,43.26,Smart,tencent
940,55.19,Smart,tencent
941,39.77,Smart,tencent
942,55.76,Smart,tencent
943,34.46,Smart,tencent
944,47.38,Smart,tencent
945,54.20,Smart,tencent
946,55.36,Smart,tencent
947,48.73,Smart,tencent
948,69.40,Smart,tencent
949,45.86,Smart,tencent
950,45.49,Smart,tencent
951,22.40,Smart,tencent
952,67.69,Smart,tencent
953,46.31,Smart,tencent
954,38.24,Smart,tencent
955,63.21,Smart,tencent
956,62.36,Smart,tencent
957,51.08,Smart,tencent
958,35.65,Smart,tencent
959,54.19,Smart,tencent
960,43.79,Smart,tencent
961,38.29,Smart,tencent
962,60.43,Smart,tencent
963,28.67,Smart,tencent
964,55.67,Smart,tencent
965,54.59,Smart,tencent
966,70.51,Smart,tencent
967,53.25,Smart,tencent
968,29.42,Smart,tencent
969,41.64,Smart,tencent
970,50.65,Smart,tencent
971,53.56,Smart,tencent
972,59.81,Smart,tencent
973,30.40,Smart,tencent
974,46.70,Smart,tencent
975,59.70,Smart,tencent
976,65.44,Smart,tencent
977,68.61,Smart,tencent
978,46.10,Smart,tencent
979,60.98,Smart,tencent
980,67.12,Smart,tencent
981,61.98,Smart,tencent
982,57.24,Smart,tencent
983,58.28,Smart,tencent
984,42.10,Smart,tencent
985,35.53,Smart,tencent
986,59.83,Smart,tencent
987,46.53,Smart,tencent
988,49.72,Smart,tencent
989,44.21,Smart,tencent
990,46.07,Smart,tencent
991,52.33,Smart,tencent
992,39.78,Smart,tencent
993,50.69,Smart,tencent
994,52.46,Smart,tencent
995,49.23,Smart,tencent
996,42.56,Smart,tencent
997,57.87,Smart,tencent
998,68.73,Smart,tencent
999,43.99,Smart,tencent
